{
  "shard_id": "0",
  "start": 0,
  "end": 15,
  "n": 15,
  "step1_parse_rate": 1.0,
  "step2_parse_rate": 0.8666666666666667,
  "macro_f1_strict": 0.18181818181818182,
  "elapsed_sec": 484.9
}
